"CODICE_INFRASTRUTTURALE","CODICE","NOME"
"AACUP","AACUP","AACUP_Ambiente d Analisi CUP"
"AAMBx","AAMB","AAMB_Flussi Ambulatoriali"
"AASIS","AASISS","AASISS_Anagrafe Assistiti e Esenzioni"
"AAWEB","AAWEB","AAWEB_Anagrafe Assistito PdL Cittadino"
"ABACx","ABAC","ABAC_Adapter BAC"
"ABOOK","A_BOOK","A_BOOK_Address Book"
"ACCRS","AC_CRS","AC_CRS_Servizio web a supporto del Controllo Accessi con CRS"
"ACCRx","ACCR","ACCR_Accreditamento Strutture Sanitarie"
"ACREG","ACREG","ACREG_Adapter CReG"
"ADAPT","ADAPTER","ADAPTER_Adapter PICO"
"ADIGI","ADIGIT","ADIGIT_Agenda Digitale"
"ADVxx","ADV","ADV_ADV-Associazioni di Volontariato"
"AESIS","AESISMAMN","AESISMAMN_Anagrafe Esecutori Sisma Mantova"
"AFAMx","AFAM","AFAM_Anagrafe Regionale delle Strutture Sociosanitarie"
"AFExx","AFE","AFE_Atti Formali EDMA Contabile"
"AFxxx","AF","AF_Atti Formali"
"AGORA","AGORA","AGORA_Nuovo sistema Gefo"
"AGRIN","AGRINNOVA","AGRINNOVA_Sito web innovazione Agricoltura"
"AIRGE","AIRGEST","AIRGEST_Gestione spesa Assistenza Integrativa e Protesica Minore"
"ALCxx","ALC","ALC_Adobe LiveCycle"
"ALEOx","ALEO","ALEO_Dwh Atlante Epidemiologico"
"ALIAS","ALIAS","ALIAS_ALIAS - Alpine Hospitals Networking for Improved Access to Telemedicine Services"
"ALICE","ALICE","ALICE_Controllo delle licenze d uso"
"ALLER","ALLERTA","ALLERTA_Allerta Alimenti"
"AMBxx","AMB","AMB_Dwh Prestazioni Ambulatoriali da flussi 28SAN"
"AMSxx","AMS","AMS_Anagrafe Medici Specialisti"
"ANAGx","ANAG","ANAG_NAR Nuova Anagrafe Regionale"
"ANANA","ANANAF","ANANAF_Nuova Anagrafe Animali d Affezione"
"ANBON","ANBONI","ANBONI_Anagrafe dei Siti da Bonificare"
"ANOMx","ANOM","ANOM_Anonimizzatore dati personali"
"ANOOP","AN_OOPP","AN_OOPP_Anagrafiche Imprese e Professionisti"
"AOSxx","AOS","AOS_Anagrafe Operatori SISS"
"APECE","APECE","APECE_E Censis"
"APERP","APER_PDT","APER_PDT_Portale Tributi"
"APORI","APORI","APORI_Origami"
"APPMY","APPMYPETS","APPMYPETS_APP Zampa a Zampa"
"AQSTx","AQST","AQST_Accordi quadro di sviluppo territoriale"
"ARCHI","ARCHIFLOW","ARCHIFLOW_Gestione fascicolo del dipendente"
"ARCHS","ARCH_SEB","ARCH_SEB_Architettura SEB"
"ARCOC","ARCO_CS","ARCO_CS_Archivi Comuni CentroServizi"
"ARESx","ARES","ARES_Anagrafe Regionale Edilizia Scolastica"
"ARFAR","ARFARM","ARFARM_Anagrafe Regionale Farmacista"
"ARIRM","ARIR_MATTM","ARIR_MATTM_Sportello Unico Rischio Industriale"
"ARMOS","ARMOSISS","ARMOSISS_Armonizzazione dei Bilanci"
"ARSxx","ARS","ARS_Anagrafe Regionale Studenti"
"ASFxx","ASF","ASF_Dwh UDO DG Famiglia"
"ATCxx","ATC","ATC_Associazione Tutela Consumatori"
"ATLAN","ATLANTE","ATLANTE_Assistenza Domiciliare Integrata con valutazione multidimensionale Interrai"
"ATTIV","ATTIVCRS","ATTIVCRS_Installazione Firma Digitale su CRS"
"ATxxx","AT","AT_Attestato Territorio"
"AUACD","AUA_CDC","AUA_CDC_AUA Comunicazioni di Cessazione"
"AUAMN","AUA_MNS","AUA_MNS_AUA Comunicazioni Modifica non Sostanziale"
"AUMxx","AUM","AUM_Anagrafica Unica Mercati"
"BARCH","BARCH","BARCH_Barriere Architettoniche"
"BASIC","BASIC_UP","BASIC_UP_Componenti applicativi di base SISS"
"BAVxx","BAV","BAV_Bando Albo Volontariato (BAV)"
"BBFxx","BBF","BBF_Black Box di Firma"
"BDAxx","BDA","BDA_Dwh Banca Dati Assistiti"
"BDDxx","BDD","BDD_Banca Dati Disabili"
"BDLxx","BDL","BDL_Biblioteca Digitale Lombarda"
"BDPSU","BDPSUAP","BDPSUAP_Banca dati procedimenti SUAP"
"BILAN","BILANCIO","BILANCIO_Bilancio di Gestione"
"BILxx","BIL","BIL_Dwh Bilanci delle Aziende Sanitarie pubbliche lombarde"
"BLLxx","BLL","BLL_Borsa Lavoro Lombardia"
"BOLAP","BOLAPIS","BOLAPIS_LAPIS Analisi Analitica BO"
"BOLLO","BOLLOM","BOLLOM_Bollo Mobile"
"BPExx","BPE","BPE_Bando Piani Emergenza (BPE)"
"BSDxx","BSD","BSD_Business Service Dashboard"
"BSMxx","BSM","BSM_Business Service Management"
"BTERR","BTERRA","BTERRA_Banca Terra"
"BURLx","BURL","BURL_Burl On Line"
"CACCI","CACCIAPESC","CACCIAPESC_Gestione Caccia e Pesca"
"CANIN","CANINA","CANINA_Anagrafe Animali di Affezione"
"CAOPC","CAOP_CRL","CAOP_CRL_Pubblicazione CRL Certificate Revocation List"
"CAOPP","CAOP_PDR","CAOP_PDR_Punto di Registrazione"
"CAOPT","CAOP_TSS","CAOP_TSS_TimeStamp Server Marca Temporale"
"CARDO","CARDOS","CARDOS_API"
"CARGx","CARG","CARG_CARG-Carta Geologica"
"CARTA","CARTAES","CARTAES_Carta Esercizio"
"CASLO","CASLOG","CASLOG_Cassaforte dei Log"
"CASPI","CASPITA","CASPITA_CaspitaWeb"
"CASxx","CAS","CAS_Central Authentication Service"
"CATCA","CATCAV","CATCAV_Catasto Cave"
"CATDC","CATDCE","CATDCE_Catalogo DCE"
"CATMC","CATMC","CATMC_Catasto Miniere e Cave"
"CAUTI","CAUTID","CAUTID_Catasto Utenze Idriche"
"CCRxx","CCR","CCR_Continuità di Cura - Patient Summary"
"CDDIF","CDDIF","CDDIF_Catalogo Offerta Formativa in Diritto-Dovere di Istruzione e Formazione"
"CDELI","CDELI","CDELI_Consultazione Delibere"
"CDGAx","CDGA","CDGA_Dwh Controllo di Gestione delle Aziende Sanitarie Locali"
"CDGEU","CDG_EUP","CDG_EUP_Controllo di Gestione EUPOLIS"
"CDGOx","CDGO","CDGO_Dwh Controllo di Gestione delle Aziende Ospedaliere"
"CDIxx","CDI","CDI_Flusso Centri Diurni Integrati"
"CDQxx","CDQ","CDQ_Contratti di Quartiere"
"CDSxx","CDS","CDS_Conferenza dei Servizi"
"CELIA","CELIACNEW","CELIACNEW_Web Application Gestione Celiachia"
"CENSC","CENSCRS","CENSCRS_Censimento CRS"
"CENSG","CENSGA10","CENSGA10_Censimento GA 2010"
"CENTR","CENTRF","CENTRF_Censimenti Traffico"
"CGRxx","CGR","CGR_Catasto Georeferenziato Rifiuti"
"CIRxx","CIR","CIR_Carta Ittica"
"CITSI","CITSIFTS","CITSIFTS_Catalogo offerta formativa Istruzione e Formazione Tecnica Superiore e Istituti Tecnici Superiori"
"CMBLT","CM.BLTOOLMAN","CM.BLTOOLMAN_Build Tool Workflow Management"
"CMCKB","CM.CKBL","CM.CKBL_Check Build"
"CMPLU","CM.PLUGIN","CM.PLUGIN_Plugin"
"CMREP","CM.REPOMAN","CM.REPOMAN_Repomanager"
"CMSON","CM.SONARSLA","CM.SONARSLA_SLA metriche  PMTA"
"CMWBL","CM.WBL","CM.WBL_CMWeb Build"
"COARL","COARL","COARL_Catalogo degli Operatori Accreditati della Regione Lombardia"
"COBxx","COB","COB_Comunicazioni obbligatorie"
"COFIC","COFICOEP","COFICOEP_Interfaccia Contabilità Finanziaria e Contabilità Economica Patrimoniale"
"COFLD","COFLD","COFLD_Catalogo Offerta Formativa per Lavoratori e Disoccupati"
"COMMO","COMMONFLEX","COMMONFLEX_COMMON FLEX"
"COMMV","COMMVIEWER","COMMVIEWER_Suite di Monitoraggio Statistico Territoriale"
"COMMx","COMM","COMM_Dwh Gestione dimensioni comuni"
"COMTE","COM_TERR","COM_TERR_Folder per progetti comuni"
"CONFA","CONFAPP","CONFAPP_CONFIGURAZIONI APPLICATIVE"
"CONSM","CONSM","CONSM_Flussi Consumi"
"CONSS","CONSSUSER","CONSSUSER_Console Superuser"
"CONSx","CONS1","CONS1_Flussi Consultori"
"COREC","CORECOM","CORECOM_Comitato Regionale per le Comunicazioni"
"CPxxx","CP","CP_Comunicazioni Presidente"
"CREAC","CREACLINICI","CREACLINICI_Gestione Registrazione Dati clinici in Archivio Dati Aziende Aderenti"
"CREGN","CREGNEW","CREGNEW_Web Application Gestione CREG"
"CRILO","CRILOC","CRILOC_Viewer Criteri Localizzativi Impianti Rifiuti"
"CRMAR","CRM-ARC","CRM-ARC_Customer Relationship Management-SIEBEL Architettura di riferimento"
"CRMxx","CRM","CRM_Portale statistico e data warehouse su base dati CRM"
"CRPIx","CRPI","CRPI_Cruscotto Indicatori Programmazione Integrata"
"CRSMA","CRSMAN","CRSMAN_CRS Manager"
"CRTIN","CRTINFO","CRTINFO_Info utenti IVOL"
"CRTWE","CRTWEB","CRTWEB_CRT On Line"
"CRUSA","CRUSAS","CRUSAS_Dwh Cruscotto SISS"
"CSFRA","CSFRAME","CSFRAME_CSFramework Architettura CASA"
"CSPxx","CSP","CSP_Centro Servizi Prenotazione"
"CSUNI","CS_UNI","CS_UNI_Gestione Utenti Sportello CentroServizi"
"CTRGE","CTRGEST","CTRGEST_Controllo Gestione Web"
"CTRLD","CTRLDB","CTRLDB_DBT Procedure controllo e bonifica"
"CTSTR","CTSTRDE","CTSTRDE_Catasto e Editing Distribuito Strade"
"CUEST","CUESTE","CUESTE_Pratiche Cure Estero"
"DADOM","DADOM","DADOM_Data Domain"
"DBTOP","DBTOPO","DBTOPO_DBT - Sito di collaborazione DBTOPOGRAFICI"
"DBTRx","DBTR","DBTR_DBTR - Database topografico regionale"
"DCDCO","DCDCOD","DCDCOD_Dati Codificati Dominio Centrale SISS"
"DCRME","DCRMEF","DCRMEF_Dati Codificati Ricettari MEF"
"DCxxx","DC","DC_Acquisizione flussi dati FUR-Prescritto SISS-SAR-Anagrafiche"
"DDCxx","DDC","DDC_Distribuzione Dati Codificati"
"DEMxx","DEM09","DEM09_Demanio Lacuale"
"DESTI","DESTINAT","DESTINAT_Destination Trasporto Merci Pericolose"
"DIGSI","DIGSIGN_LI","DIGSIGN_LI_Client di Firma Digitale"
"DIRAL","DIRALL","DIRALL_Direttiva alluvioni"
"DIRDI","DIRDIS","DIRDIS_Direttiva Dissesti"
"DISCO","DISCOM","DISCOM_Distretti del Commercio"
"DITSx","DIT-S","DIT-S_Debito Informativo DGS"
"DITxx","DIT","DIT_Debito Informativo Territoriale"
"DIVEF","DIVEFF","DIVEFF_Dividendo dell efficienza"
"DMALM","DM_ALM","DM_ALM_Datamart delle Metriche del Software"
"DOCAC","DOC_ACSS","DOC_ACSS_Documenti ACSS"
"DOCCS","DOC_CSRA","DOC_CSRA_Controllo Successivo Regolarità Amministrativa"
"DOCER","DOC_ERSAF","DOC_ERSAF_Documenti ERSAF"
"DOCEU","DOC_EUPOLIS","DOC_EUPOLIS_Documenti Eupolis"
"DOCLI","DOCLISPA","DOCLISPA_Sistema di Protocollo informatico aziendale"
"DOCRF","DOC_RFS","DOC_RFS_Documenti RFS"
"DOWNL","DOWNLOAD","DOWNLOAD_Download e Archivio Digitale della Cartografia"
"DPCAx","DPCA","DPCA_Gestione Documento di Programmazione Clinico Assistenziale"
"DSSBx","DSSB","DSSB_DSS Carta Sconto Benzina / Metano-GPL"
"DSSTx","DSST","DSST_DSS Tributario"
"DWARI","DWARIFL","DWARIFL_Reportistica Dati Finanziari per ARIFL"
"DWDAF","DWDAF","DWDAF_DWH Dati Finanziari"
"DWGSx","DWG3S","DWG3S_DataWarehouse G3S"
"DWH","DWH_118","DWH_118_Data Mart 118"
"DWHAL","DWHALER","DWHALER_DWH Indicatori di governo RL e ALER"
"DWHCA","DWHCASA","DWHCASA_Data warehouse DG Casa"
"DWHCO","DWHCOM","DWHCOM_DWH Commercio"
"DWHCR","DWH_CREG","DWH_CREG_DWH e reportistica sui dati CREG"
"DWHDG","DWHDGFCIIS","DWHDGFCIIS_DWH Flusso Economico Posti Letto e relative Pratiche Amministrative"
"DWHEC","DWH_ECM","DWH_ECM_DWH Educazione Continua in Medicina"
"DWHFO","DWHFONDI","DWHFONDI_DWH Erogazione e Sostegno"
"DWHGE","DWHGEF","DWHGEF_DWH - Gestione elettronica delle fatture"
"DWHGM","DWHGMP","DWHGMP_DWH Gestione Monitoraggio Procedimenti"
"DWHIN","DWHIND","DWHIND_DWH Bandi Industria e Altre DG"
"DWHMD","DWHMDL","DWHMDL_Data warehouse DG Istruzione Formazione Lavoro"
"DWHMI","DWH_MINW","DWH_MINW_Datawarehouse Minori Web"
"DWHNA","DWH_NASKO","DWH_NASKO_DWH Sostegno Economico Madri  NASKO & CRESCO"
"DWHOO","DWHOOPP","DWHOOPP_Data warehouse Opere Pubbliche"
"DWHOR","DWH_ORA","DWH_ORA_Datawarehouse Osservatorio Regionale Antiviolenza"
"DWHOS","DWH_OSSACQ","DWH_OSSACQ_DWH - Osservatorio Acquisti (Flusso Consumi)"
"DWHPR","DWH_PREN","DWH_PREN_DWH Prenotazioni"
"DWHSG","DWHSGP","DWHSGP_DataWarehouse Sistema Gestione Progetti"
"DWHSL","DWHSLA","DWHSLA_DWH - SLA"
"DWHSP","DWH_SP_SOC","DWH_SP_SOC_DWH Spesa Sociale"
"DWHST","DWHSTA","DWHSTA_DWH Statistica"
"DWHVE","DWH_VETE","DWH_VETE_Dwh Veterinaria"
"EBRO","E015_BRO","E015_BRO_EXPO 2015 Application Broker"
"ECMxx","ECM","ECM_Educazione Continua in Medicina"
"EDGEF","ED_GEFO","ED_GEFO_Contesto applicativo di EDMA specifico per le funzionalità del sistema GEFO"
"EDKxx","EDK","EDK_Electronic Document Keeper"
"EDMAD","EDMA_DOC","EDMA_DOC_Documenti generici - Contesto EDMA"
"EDMAO","EDMA_OA","EDMA_OA_Integrazione fra EDMA LISPA e Oracle Applications"
"EDMAx","EDMA","EDMA_Framework per la gestione delle informazioni"
"EDPSI","ED_PSISS","ED_PSISS_EDMA - PORTALE SISS"
"EDREG","ED_REGDEB","ED_REGDEB_Registro Debitori Edma"
"ELEPA","ELEPAG","ELEPAG_Gestione Elenchi di Pagamenti"
"EMAIL","EMAIL","EMAIL_EMAIL Servizio di posta elettronica"
"EPNxx","EPN","EPN_Rete Epilessia"
"EPSOS","EPSOS","EPSOS_EPSOS - interoperabilita Patient Summary ed e-Prescription"
"ERMEF","ERMEF","ERMEF_Esenzioni per Reddito MEF"
"ERPxx","ERP","ERP_Bandi Assegnazione Alloggi ERP"
"ERWEB","ERWEB","ERWEB_Esenzioni Reddito PdL Cittadino"
"ESARx","ESAR","ESAR_Elenchi e Statistiche Anagrafe Regionale"
"ESAxx","ESA","ESA_Statistiche Agrarie"
"ESENS","ESENS","ESENS_Electronic Simple European Networked Services"
"ESExx","ESE","ESE_Dwh Esenzioni assistiti lombardi"
"ESRAx","ESRA","ESRA_Enti Soggetti Riconosciuti Accreditati"
"ESRIx","ESRI","ESRI_ESRI_Sistemi Geografici"
"ESTRx","ESTR","ESTR_DWH-Estrattore"
"ETHIC","ETHICS","ETHICS_Segnalazione Illeciti"
"EUDIR","EU_DIR","EU_DIR_Banca Dati Europe Direct"
"EUFOR","EUFORMIS","EUFORMIS_Gestione corsi di formazione - EUPOLIS"
"EUOLx","EUOL","EUOL_Emergenza Urgenza On Line"
"FAMOV","FAMOVA","FAMOVA_Motore di validazione Farmaceutica"
"FARMx","FARM1","FARM1_Dwh Erogazione farmaci in regime convenzionale"
"FASCP","FASC_PL","FASC_PL_Fascicolo Polizia Locale"
"FAXxx","FAX","FAX_Fax Server"
"FDCxx","FDC","FDC_Fascicolo Digitale del Cittadino"
"FDLxx","FDL","FDL_Fascicolo Digitale delle Leggi e dei Regolamenti"
"FERAU","FERAU","FERAU_Fonti Energetiche Rinnovabili modello AU"
"FERCE","FERCEL","FERCEL_Fonti Energetiche Rinnovabili modello CEL"
"FERNE","FERNET","FERNET_FerroNET"
"FERPA","FERPAS","FERPAS_Fonti Energetiche Rinnovabili modello PAS"
"FExxx","FE1","FE1_Flusso Economico Famiglia"
"FIDEx","FIDE","FIDE_Registro Fidejussioni"
"FIERE","FIERE","FIERE_Applicazione di gestione delle manifestazioni fieristiche"
"FIFxx","FIF","FIF_Dwh File F"
"FILEM","FILEMAN","FILEMAN_Modulo trasversale di gestione file"
"FINSA","FINSAN","FINSAN_Finanza Sanitaria Regionale"
"FIPxx","FIP","FIP_Fondo Infrastrutture Progetti"
"FLPRx","FLPR","FLPR_Dwh Flussi Personale del Sistema Sanitario Regionale (Pubblici e Privati)"
"FLTUR","FL_TUR","FL_TUR_Flussi Turistici"
"FLUPE","FLUPER","FLUPER_Flussi Personale Web"
"FMEFx","FMEF","FMEF_Farmaceutica invii MEF"
"FMExx","FME","FME_FME Server"
"FMINx","FMIN","FMIN_Flussi Ministeriali"
"FNOCx","FNOC","FNOC_Flussi NOC"
"FORTx","FORT","FORT_Forniture Originali Tributarie"
"FSAxx","FSA","FSA_Fondo Sostegno Affitti"
"FSEOL","FSEOL","FSEOL_Gestione Creazione Fascicolo Sanitario Elettronico"
"FSEPS","FSEPS","FSEPS_FSE Periferico Server"
"FSEVI","FSEVISOPE","FSEVISOPE_Gestione Ottimizzata Visualizzazione Fascicolo Sanitario Elettronico"
"FSExx","FSE","FSE_Gestione Fascicolo Sanitario Elettronico"
"GACAC","GA_CA_CITT","GA_CA_CITT_Gestione Anagrafica Certification Authority Certificati CRS-CNS-TS Carta Cittadini"
"GADOx","GADO","GADO_Gestione Accessi Dati Oscurati"
"GAEDx","GAED","GAED_Gestione attivazioni e disattivazioni"
"GAFxx","GAF","GAF_Gestione Atti Formali (Client-Server)"
"GAIAx","GAIA","GAIA_Gestione Anagrafica - Iscrizione Assistiti"
"GAMEF","GAMEF","GAMEF_Gestione Anagrafica MEF -Gestione flussi da-a GC_CITT da-a PMEF"
"GAMxx","GAM","GAM_Gestione Ammortamento Mutui"
"GANxx","GAN","GAN_Gestione Autorizzazioni e Nomine"
"GAPPx","GAPP","GAPP_Gestione Anagrafica Applicativa -WebServices esposti da GC_CITT"
"GAPSx","GAPS","GAPS_GAPS  - Gestione Anagrafica Periferico Server"
"GARCO","GARCO","GARCO_Gestione Anagrafe Regionale dei Contatti"
"GASSx","GASS","GASS_Gestione Accesso Semplificato SISS"
"GAWEB","GAWEB10","GAWEB10_Gestione Anagrafiche Cittadino 10 - SISS"
"GCCIT","GCCITT11","GCCITT11_Provisioning Carta Cittadino CRS-CNS-TS-CF -Ora11i"
"GCCNS","GC_CNS_TS","GC_CNS_TS_Gestione Carta CNS-TS prodotta da AE"
"GCINA","GCINAIL","GCINAIL_Gestione Certificati Inail"
"GCIxx","GCI","GCI_Gestione Consenso Cittadino"
"GCMxx","GCM","GCM_Certificati di malattia"
"GDExx","GDE","GDE_Gestione Dichiarazioni di Emergenza"
"GECAx","GECA","GECA_Gestione Notifiche Cantieri"
"GEEEx","GEEE","GEEE_Gestione Eventi Extra EXPO"
"GEFES","GEFESO","GEFESO_Gestione sinistri ospedalieri"
"GEFOA","GEFO_AA","GEFO_AA_GEFO - Gestione finanziamenti ONLINE"
"GEFOV","GEFOVIEWER","GEFOVIEWER_Cruscotto territoriale per interrogazione bandi"
"GEFOx","GEFO","GEFO_Bandi di erogazione e finanziamento e altre applicazioni realizzate su piattaforma GEFO"
"GEFRL","GEFRL","GEFRL_Gestione Fallimenti Regione Lombardia"
"GEFxx","GEF","GEF_Gestione Elettronica delle Fatture"
"GEMAx","GEMA","GEMA_Gestione Manufatti Amianto"
"GEOGP","GEO_GP","GEO_GP_Viewer Geografico Gestione Prenotazioni (GP++)"
"GEOPR","GEOPROX_CS","GEOPROX_CS_Viewer Geoproximity Centri Sportivi"
"GEORA","GEORADAR","GEORADAR_Georeferenziazione dati di interferometria satellitare"
"GEORS","GEORSO","GEORSO_Georeferenziazione avvistamenti ORSO in Lombardia"
"GEOVE","GEOVETE","GEOVETE_GeoVeterinaria"
"GEPRE","GEPRE","GEPRE_Gestione prove di esame"
"GESIN","GESIN","GESIN_Gestione indennizzi Veterinari"
"GESTA","GEST_ASS","GEST_ASS_Gestione Associate"
"GESTE","GEST_E015","GEST_E015_Gestionali E015"
"GESTU","GESTUT","GESTUT_GestUtenti"
"GESTV","GESTVOL","GESTVOL_Albo del Volontariato"
"GEVxx","GEV","GEV_Gestione Eventi Vaccinali"
"GFEAW","GFEAWEB","GFEAWEB_Gestione Adesione alla Firma Elettronica Avanzata"
"GGIxx","GGI","GGI_Garanzia Giovani"
"GIPPx","GIPP","GIPP_Gestione Invio PIN-PUK della CRS Cittadino a mezzo email-sms"
"GISBx","GISB","GISB_GIS Carta Sconto Benzina / Metano-GPL"
"GMPxx","GMP","GMP_Gestione Monitoraggio Procedimenti Sireg"
"GOOGL","GOOGLE","GOOGLE_Servizi di ricerca"
"GPAPP","GPAPP","GPAPP_APP prenotazioni cittadino"
"GPCIT","GPCIT","GPCIT_Gestione Prenotazioni cittadino via internet"
"GPCOM","GPCOMM","GPCOMM_Gestione Prenotazione Parti Comuni Operatori e Cittadino"
"GPCxx","GPC","GPC_Gestione Presa in Carico"
"GPFAR","GPFARM","GPFARM_Prenotazioni in farmacia"
"GPLxx","GPL3","GPL3_Gestione Prenotazione Operatori via PDL Linea 3"
"GPMAN","GP_MANAGER","GP_MANAGER_Gestione di Amministrazione BO"
"GPOPx","GPOP","GPOP_Gestione Prenotazione Operatori via PDL"
"GPPRE","GPPRE","GPPRE_Gestione Prenotazioni Secondo stadio architettura SEB"
"GPPSx","GPPS","GPPS_Porta Applicativa di Gestione Prenotazione (Periferico Server)"
"GPSSC","GPSSC","GPSSC_Gestione Prenotazione Servizi Sanitari Cittadino"
"GPSSx","GPSS","GPSS_Gestione Prenotazioni Secondo stadio"
"GPSxx","GPS","GPS_GPS SIARL"
"GRACO","GRACO","GRACO_Sistema Informativo per la Gestione delle Rilevazioni e delle Azioni Correttive"
"GRADx","GRAD","GRAD_Graduatorie MMG e PLS"
"GSATx","GSAT","GSAT_Gestione Servizio Affari Tributari"
"GSSCx","GSSC","GSSC_Gestione Servizi Sanitari Al Cittadino (Prescrizione elettronica)"
"GSSOS","GSSOSIA","GSSOSIA_SOSIA RSA"
"GSxxx","G3S","G3S_Governo pagamenti del Sistema Socio Sanitario"
"GTAxx","GTA","GTA_Gestione Tassa Automobilistica"
"HDxxx","HD","HD_Piattaforme di Assistenza di secondo livello"
"HOSPI","HOSPICE","HOSPICE_HOSPICE"
"HOUSI","HOUSING","HOUSING_Sistema gestione casa"
"HPALM","HPALM","HPALM_HP ALM - Quality Center"
"HPLRx","HPLR","HPLR_HP Load Runner"
"IAAxx","IAA","IAA_Interventi Assistiti con gli Animali"
"IAMxx","IAM","IAM_Identity Access Manager SIRE"
"ICCEP","ICCEPLUGIN","ICCEPLUGIN_ICCEPlugin PDL"
"IDPCx","IDPC","IDPC_IDPC - Identity Provider Cittadini"
"IDRAG","IDRAGIS","IDRAGIS_Viewer per SIPIUI gestionale"
"IDRAx","IDRA","IDRA_Sistema integrato risorse idriche e polizia idraulica"
"IFFIx","IFFI","IFFI_Regione Lombardia Inventario Fenomeni Franosi"
"IFLRA","IFLRATING","IFLRATING_Monitoraggio operatori Accrediti alla formazione e al Lavoro"
"IGOVx","IGOV","IGOV_DWH-Indicatori Governo della Sanità"
"IGRUE","IGRUE","IGRUE_Sistema di Monitoraggio Fondi al MEF"
"IITxx","IIT","IIT_IIT Infrastruttura per l Informazione Territoriale"
"IMAxx","IMA","IMA_Archivio Infarto Miocardico Acuto"
"IMMOB","IMMOBILI","IMMOBILI_Rilevazione Immobili e Rischio Sismico"
"IMPRE","IMPRESA","IMPRESA_Dwh Impresa"
"INATT","IN_ATTIFOR","IN_ATTIFOR_Integrazione Atti Formali"
"INCID","INCIDERE","INCIDERE_Incidere - Incidentalita Stradale in Lombardia"
"INDPG","INDPGTVAS","INDPGTVAS_Monitoraggio Indicatori PGTVAS"
"INDVI","INDVIRT","INDVIRT_Indicatori Virtuosità dei Comuni"
"INFSE","INFSE","INFSE_Interoperabilità FSE"
"INFxx","INF1","INF1_Cooperazione Applicativa - ICAR task INF-1"
"INSIG","IN_SIGEFIN","IN_SIGEFIN_Integrazione Sigefin"
"INSUR","INSURB","INSURB_Insicurezza Urbana"
"INTER","INTERGEO","INTERGEO_Sistema Interregionale Cartografico"
"INVOI","INVOICE","INVOICE_Fatturazione Elettronica"
"IPPCx","IPPC","IPPC_Autorizzazione Integrata Ambientale (AIA) per IPPC"
"IPSEx","IPSE","IPSE_Interoperabilità Patient Summary ed e-Prescription"
"ITINE","ITINECULT","ITINECULT_Gestione di itinerari Culturali in Regione Lombardia"
"ITPxx","ITP","ITP_Invio telematico del Prescritto"
"IVGxx","IVG","IVG_Interruzione Volontaria Gravidanza"
"LAPIS","LAPIS","LAPIS_LAPIS - Laboratorio Programmazione Integrata Strategica"
"LAPP","L15APP","L15APP_Scopri la Lombardia"
"LBCxx","LBC","LBC_Portale Beni Culturali"
"LBLGE","LBL.GEO","LBL.GEO_Bella Lombardia - sottosistema geografico"
"LBLTE","LBL.TEXT","LBL.TEXT_Bella Lombardia - sottosistema testuale"
"LDAPD","LDAPDOM","LDAPDOM_LDAP Domino"
"LICSF","LICSFR","LICSFR_Bandi Licenziati Sfrattati"
"LOCIN","LOC_INT","LOC_INT_Viewer Location Intelligence ST_Geobridge"
"LOGIN","LOGINDWH","LOGINDWH_Login DWH  SAS"
"LRxxx","LR4","LR4_Legge regionale 4/2003"
"LSDMx","LSDM","LSDM_Personalizzazione SQL Data Modeler"
"LTxxx","LT","LT_Locazione Temporanea"
"MAILM","MAILMERGE","MAILMERGE_Modulo trasversale mailmerge e conversione odt_pdf"
"MAINF","MAINF","MAINF_Malattie Infettive"
"MALIN","MALINF","MALINF_Dwh Malattie Infettive"
"MALLx","MALL","MALL_CRS MALL"
"MAPPE","MAPPEGAO","MAPPEGAO_Mappe Gestioni Associate Obbligatorie"
"MCTAx","MCTA","MCTA_Mensilizzazione Contenzioso Tassa Auto"
"MDAxx","MDA","MDA_Monitoraggio disagio abitativo"
"MDWSx","MDWS","MDWS_Middleware SISS"
"MEGAC","MEGACLI","MEGACLI_Mega Client"
"MEGAH","MEGAHOP","MEGAHOP_Mega Hopex"
"MFFIP","MFFIPFRISL","MFFIPFRISL_Monitoraggio Finanziario FIP FRISL"
"MIERP","MIERP","MIERP_Monitoraggio Interventi ERP"
"MINWx","MINW","MINW_Minori Web"
"MIPLx","MIPL","MIPL_Monitoraggio Investimenti Pubblici della Lombardia"
"MIRCA","MIRCA","MIRCA_Mosaico Informatizzato Regionale Classificazioni Acustiche"
"MIRIx","MIRI","MIRI_MIRI - Monitoraggio Integrato delle Risorse Idriche"
"MMPLx","MMPL","MMPL_Dwh Dati economici MMG e PLS"
"MMxxx","MM","MM_Mail Marketing"
"MNTRG","MNTRGI","MNTRGI_Monitoraggi Trasporti"
"MOBIL","MOBILESSC","MOBILESSC_Servizi Sanitari Cittadino"
"MOBIx","MOBI","MOBI_Flussi Mobilità Interregionale"
"MOCAx","MOCA","MOCA_Monitoraggio Centri Antiviolenza"
"MODAU","MOD_AUA","MOD_AUA_Autorizzazione Unica Ambientale"
"MODCA","MODCARB","MODCARB_Modulistica Carburanti"
"MODCS","MOD_CSRF","MOD_CSRF_MOD CSRF (Cross Site Request Forgering) per Apache Reverse Proxy"
"MONIT","MONITORFAM","MONITORFAM_Cruscotto Monitoraggio DG Famiglia"
"MONTx","MONT","MONT_Montagna Web"
"MOVGx","MOVG","MOVG_Muoversi Gestionale"
"MOVTP","MOVTP","MOVTP_Muoversi componenti travel planner"
"MOVxx","MOV","MOV_Muoversi in Lombardia"
"MPSxx","MPS","MPS_Monitoraggio Prodotti e Servizi"
"MRAxx","MRA","MRA_Monitoraggio Reti di Assistenza"
"MSDxx","MSD","MSD_Modulo Software di Disaccoppiamento"
"MURUx","MURU","MURU_Modulo Unico Registrazione Unificata"
"MUTAD","MUTA_DIA","MUTA_DIA_Muta Dichiarazione Inizio Lavori"
"MUTAF","MUTAFLEX","MUTAFLEX_MUTA versione Flex"
"MUTAG","MUTA_GEO","MUTA_GEO_Viewer Servizio di consultazione geografica di MUTA"
"MUTAM","MUTA_MC","MUTA_MC_Dati Statistici Miniere e Cave"
"MUTAR","MUTA_RASDA","MUTA_RASDA_Muta Raccolta Schede Danni"
"MWEBx","MWEB","MWEB_Sistema informativo MonitorWEB"
"MYPAY","MYPAY","MYPAY_Portale dei pagamenti"
"NADIR","NADIR","NADIR_Viewer Nadir"
"NARBA","NARBATCH","NARBATCH_NAR Elaborazioni Batch"
"NARGE","NAR_GEO","NAR_GEO_Viewer geografico di ANAG..NARBATCH"
"NARPU","NARPUB","NARPUB_Publish and Subscribe NAR"
"NARSC","NAR_SC","NAR_SC_NAR Servizi Comuni"
"NCCUL","NCCULT","NCCULT_Nucleo Centrale Cultura"
"NESTO","NESTORAPP","NESTORAPP_Applicativo dei negozi e mercati storici lombardi"
"NETAP","NETAPP","NETAPP_NETAPP"
"NFRxx","NFR","NFR_Rete Nefrologia"
"NICCE","NICCE","NICCE_Interfaccia Anagrafe regionale"
"NMIPL","NMIPL","NMIPL_Nuovo Monitoraggio Investimenti Pubblici della Lombardia"
"NUCLE","NUCLEOC","NUCLEOC_Nucleo Centrale PL"
"OAIxx","OAI","OAI_OAI data provider PICO"
"OAPPS","OAPPS","OAPPS_Moduli Oracle Applications"
"OAxxx","OA","OA_Oracle Applications"
"OBAMA","OBAMA","OBAMA_REGIS - Geobandi (exObama)"
"ODGxx","ODG","ODG_Seduta di Giunta"
"ODSMV","ODSMVIEWER","ODSMVIEWER_Monitoraggio Opere di difesa del Suolo viewer per SiAge"
"ODSMx","ODSM","ODSM_Monitoraggio Opere di difesa del Suolo"
"ODSxx","ODS","ODS_Opere difesa del Suolo"
"ODxxx","OD","OD_Origine Destinazione"
"OFVIE","OF_VIEWER","OF_VIEWER_Viewer Geo Offerta Formativa"
"OOPPL","OOPP_L190","OOPP_L190_Osservatorio contratti pubblici per pubblicazione procedure L.190-D.lgs 33"
"OOPPO","OOPP_OLD","OOPP_OLD_Vecchio Osservatorio"
"OOVVx","OOVV","OOVV_AlboVolontariato"
"OPACV","OPAC_VF","OPAC_VF_Online Pubblic Access Catalogue"
"OPACx","OPAC","OPAC_On-line Pubblic Access Catalogue"
"OPEND","OPENDATA","OPENDATA_Pubblicazione dati su portale SOCRATA"
"OPENS","OPENSPCOOP","OPENSPCOOP_Porta di Dominio OpenSPCoop Enterprise"
"OPINC","OPINC","OPINC_Opere Incompiute"
"ORAxx","ORA","ORA_Osservatorio Regionale Antiviolenza"
"OSAGR","OSAGRI","OSAGRI_Osservatorio Regionale Agriturismi"
"OSCOM","OSCOM","OSCOM_Osservatorio del Commercio"
"OSMxx","OSM","OSM_Osservatorio Sport della Montagna"
"OSSAA","OSSA.ACQ","OSSA.ACQ_Osservatorio Acquisti"
"OSSCA","OSSCASA","OSSCASA_Osservatorio Condizione Abitativa"
"OSSMO","OSSMONT","OSSMONT_Osservatorio Sport della Montagna"
"OSSRI","OSSRIFUGI","OSSRIFUGI_Censimento Rifugi Alpini"
"PAFxx","PAF","PAF_Piattaforma Famiglia"
"PAGAL","PAGALO","PAGALO_Gestione Pagamenti Regione Lombardia"
"PAMEx","PAME","PAME_Pagamento medici MMG e PLS"
"PARIX","PARIX","PARIX_Registro Imprese"
"PASID","PASID","PASID_Porta Applicativa SID"
"PATAM","PATAM","PATAM_Modulistica Tecnici Acustici"
"PATAx","PATA","PATA_Processo abilitativo tecnici acustici"
"PATHB","PATHBUILD","PATHBUILD_Gestione di itinerari"
"PATRx","PATR","PATR_Richieste Patrocinio"
"PCCxx","PCC","PCC_Portale Certificazione Crediti"
"PCGxx","PCG","PCG_Piano Colturale Grafico"
"PDCxx","PDC","PDC_Piano della Comunicazione"
"PDGxx","PDG","PDG_Pubblicazione Piani di Gestione"
"PDLCI","PDLCIT","PDLCIT_PdL Cittadino"
"PDLCO","PDL_COMLIB","PDL_COMLIB_PdL Librerie di RunTime"
"PDLJA","PDL_JAVA","PDL_JAVA_PdL Custom JRE"
"PDRxx","PDR","PDR_Piano delle Ricerche"
"PECxx","PEC","PEC_MRPEC"
"PEGAS","PEGASO","PEGASO_Salute adolescenti"
"PERSE","PERSEO","PERSEO_Sistema di Protocollo"
"PEWEB","PEWEB_NEW","PEWEB_NEW_Nuovo Mosaico dei Piani di Emergenza"
"PExxx","PE015","PE015_Portale E015"
"PGPCI","PGPCITT","PGPCITT_Portale Gestione Prenotazione Cittadini"
"PGTCA","PGT.CATRS","PGT.CATRS_Catasto Reti del sottosuolo"
"PGTDI","PGT.DISMESSE","PGT.DISMESSE_Localizzazione aree dismesse"
"PGTPU","PGT.PUGSSWEB","PGT.PUGSSWEB_Piani Urbani Generali dei Servizi del sottosuolo"
"PIMOx","PIMO","PIMO_Piano Integrato per il Miglioramento dell’Organizzazione"
"PIxxx","PI","PI_Pronto Intervento"
"PLFxx","PLF","PLF_Protocollo Locale Federato"
"PMEFx","PMEF","PMEF_Porta MEF"
"PMxxx","PM10","PM10_Rilevazione Particolato"
"PNEAx","PNEA","PNEA_Piano Nazionale Emergernza Abitativa"
"PNRxx","PNR","PNR_Piano Nazionale Residui"
"POIxx","POI","POI_Portale Open Innovation"
"PORTA","PORTANAR","PORTANAR_Porta NAR"
"PORTO","PORTOWEB","PORTOWEB_Portolano Web"
"PORTP","PORT_PCPLS","PORT_PCPLS_Portale per il sistema integrato di Protezione Civile e Sicurezza"
"PORxx","POR","POR_Programma Operativo Regionale"
"PPIxx","PPI","PPI_Pratiche Pronto Intervento"
"PRECx","PREC","PREC_Programma Regionale Emergenza Casa"
"PREGx","PREG","PREG_Servizio di Preregistrazione Firma Remota"
"PREIN","PRE_INFO","PRE_INFO_Pubblicazione avvisi di pre informative"
"PRENO","PRENOEVENT","PRENOEVENT_Prenotazione Eventi riservati gli Operatori - Enti accreditati"
"PRESI","PRESISS","PRESISS_Dwh Prescritto SISS"
"PRIMx","PRIM","PRIM_Programma Regionale Integrato di Mitigazione dei Rischi"
"PRIVA","PRIVACY","PRIVACY_Privacy"
"PRIxx","PRI","PRI_Piattaforma Regionale di Integrazione"
"PRMTx","PRMT","PRMT_Cruscotto PRMT"
"PROTN","PROTNEW","PROTNEW_Web Application Gestione Protesica"
"PROVI","PROVIDER","PROVIDER_Gestione Provider"
"PROVV","PROVV","PROVV_Sanzioni ASL alle imprese"
"PROVx","PROV_8","PROV_8_Provisioning - Piattaforma Siebel 8"
"PRRPx","PRRP","PRRP_Framework Reti di Patologia"
"PRUxx","PRU","PRU_Programma Riqualificazione Urbana"
"PSICx","PSIC","PSIC_Psichiatria"
"PSOCC","PSOCC","PSOCC_Flussi Pronto Soccorso"
"PSOxx","PSO","PSO_Portale Sala Operativa"
"PSQxx","PSQ","PSQ_Golden Ring"
"PSTxx","PST1","PST1_Programmi per i Sistemi Turistici inter"
"PTAGE","PTAGEOPRTL","PTAGEOPRTL_Geoportale per la Piattaforma Tecnologica Alpina"
"PTRxx","PTR","PTR_Piano Territoriale Regionale"
"PTxxx","PT","PT_Programmi Triennali"
"PUBBL","PUBBLICALO","PUBBLICALO_Pubblicazione Contabilità Regione Lombardia"
"PUBBx","PUBB","PUBB_Pubblicazioni Beni Culturali e Project financing"
"PUFxx","PUF","PUF_Portale Unico Farmaceutica"
"PVISA","PV_ISAU","PV_ISAU_Processo Validazione ISAU"
"PWRAP","P11WRAPPER","P11WRAPPER_Wrapper Librerie Carte Operatore"
"QAxxx","QA","QA_Questionari Allattamento"
"QPCOM","QPCOM","QPCOM_Questionario Programmazione Comunitaria 2014 2020"
"QRSPx","QRSP","QRSP_Quadro Regionale degli Standard Professionali"
"QUEST","QUESTIO","QUESTIO_Portale della Ricerca e del Trasferimento Tecnologico RL"
"QUICK","QUICKR","QUICKR_Spazio di collaborazione Quickr"
"RAAxx","RAA","RAA_Registro accesso agli Atti"
"RAGTE","RAGTES","RAGTES_Ragioneria e Tesoreria (Client-Server)"
"RASDA","RASDA_2003","RASDA_2003_Raccolta Schede Danno"
"REGDE","REGDEB","REGDEB_Registro Debitori Web"
"RELIN","REL_INC","REL_INC_Relazione incidente per gli operatori di Polizia Locale"
"RELxx","REL","REL_Rete Ematologica"
"REPCO","REPCOP","REPCOP_Reportistica Cooperative Sociali"
"REPIF","REPIFL","REPIFL_Reportistica IFL"
"REPLA","REPLAPIS","REPLAPIS_LAPIS Reportistica Applicativa"
"REPOI","REPO_INC","REPO_INC_Reportistica dell incidentalita stradale"
"REPPR","REPPROTCIV","REPPROTCIV_Reportistica Sistema Protezione Civile"
"REPTP","REPTPL","REPTPL_Reportistica TPL Monitor"
"RESCO","RESCOM","RESCOM_Resilienza Comunale"
"RETIx","RETI","RETI_Dwh Reti di Patologia"
"RIAFA","RIAFAM","RIAFAM_Flusso Informativo Diurno Ambulatoriale Domiciliare"
"RICER","RICERCADUL","RICERCADUL_Ricerca Operatori - Enti accreditati"
"RICEx","RICE","RICE_Ricettari"
"RICNO","RICNORMTVE","RICNORMTVE_Portale Sanita Ricerca Normative"
"RMRxx","RMR","RMR_Rete Malattie Rare"
"ROLxx","ROL","ROL_Rete Oncologica Lombarda"
"RPGPx","RPGP","RPGP_Registro Persone Giuridiche Private"
"RPPxx","RPP","RPP_Richiedi PIN-PUK attraverso il Portale del Cittadino"
"RUBRI","RUBRI","RUBRI_Rubrica di Direzione PCPLS"
"RUBTE","RUBTEL","RUBTEL_Rubrica Telefonica"
"RURGE","RURGEST","RURGEST_Gestione della tariffazione ricette RUR"
"SACCx","SACC","SACC_Servizi Alloggi a Canone Convenzionato"
"SAFEx","SAFE","SAFE_Sistema Archiviazione per Firma Elettronica (e ART.65)"
"SAPBO","SAP_BO4","SAP_BO4_SAP BusinessObjects Platform 4"
"SAPCO","SAPCO","SAPCO_SAP Modulo CO - Costing"
"SAPFI","SAPFI","SAPFI_SAP Modulo FI-Financial Accounting"
"SAPLN","SAPLN","SAPLN_Sistema di Allarmi e PreAllarmi Lotus Notes"
"SAPxx","SAP","SAP_SAP ERP"
"SASEB","SASEBI09","SASEBI09_SAS PortaleBI (Business Intelligence)"
"SAVV","S24AVV","S24AVV_Studio 24 Avvocati"
"SAVxx","SAV","SAV_Servizio Antivirus"
"SBNPx","SBN_P","SBN_P_Sistema Bibliotecario Nazionale"
"SCACC","SCACCO","SCACCO_SCAdenze Contratti e COnvenzioni"
"SCAIx","SCAI","SCAI_Sistema di Controllo Accessi Integrato"
"SCDAR","SCDARCA","SCDARCA_Portale ARCA"
"SCDCR","SCDCRL","SCDCRL_Portale Consiglio Regione Lombardia"
"SCDEU","SCDEUPOLIS","SCDEUPOLIS_Portale Istituzionale EUPOLIS"
"SCDIN","SCDINTRARL","SCDINTRARL_Portale Intranet Regione Lombardia"
"SCDLI","SCDLISPA","SCDLISPA_Portale internet Lombardia Informatica"
"SCDLO","SCDLOMBSP","SCDLOMBSP_Portale Lombardia Speciale"
"SCDMI","SCDMINSITI","SCDMINSITI_Gestore Minisiti Portale SCD"
"SCDPI","SCDPIL","SCDPIL_Portale delle Imprese Lombarde"
"SCDPR","SCDPROCOM","SCDPROCOM_Portale della Programmazione Comunitaria"
"SCDTU","SCDTURISMO","SCDTURISMO_Portale del Turismo"
"SCDxx","SCD","SCD_Sistema di Comunicazione Digitale"
"SCREx","SCRE","SCRE_Flussi Screening"
"SEASx","SEAS","SEAS_Servizi Elettorali per le Agenzie di Stampa"
"SEBME","SEBMEDICI","SEBMEDICI_SebMedici"
"SECxx","SEC","SEC_Security"
"SENAR","SENAR","SENAR_Segnala eventi NAR"
"SERVE","SERV_E015","SERV_E015_Servizi E015"
"SETRA","SETRA","SETRA_Sistema a supporto della trasparenza"
"SExxx","SE","SE_Spese Elettorali"
"SFERA","SFERA_DPO","SFERA_DPO_Tool per Stima e Misura del SW in Function Point"
"SGIAx","SGIA","SGIA_Bandi di finanziamento DG Artigianato, DG Culture, DG Commercio, DG Sport e Giovani"
"SGPRO","SGPROF_NG","SGPROF_NG_Modulo trasversale Sistema Gestione Profili NG"
"SGPSC","SGPSCARIC","SGPSCARIC_SGPscaricodati"
"SGRCM","SGR_CM","SGR_CM_Sistema Gestione Requisiti - Configuration Management"
"SIACx","SIAC","SIAC_Sistema Accoglienza Candidature"
"SIADx","SIAD","SIAD_Flusso SIAD"
"SIAVR","SIAVR","SIAVR_Sistema Informativo Anagrafe Vaccinale Regionale"
"SIBAx","SIBA","SIBA_Sistema Informativo Beni Ambientali"
"SIBCA","SIBCA","SIBCA_SIBCAWEB"
"SIBIE","SIBIED","SIBIED_SIBITeR - Sistema Informativo Bonifica Irrigazione Territorio rurale - Editing distribuito"
"SIBIM","SIBIMN","SIBIMN_SIBITeR - Sistema Informativo Bonifica Irrigazione Territorio rurale - Monitoraggio Interventi"
"SIBIO","SIBIO","SIBIO_Sistema Informativo Biodiversità"
"SICAL","SIC-ALIAS","SIC-ALIAS_SIC-ALIAS - Integrazione del portale Alias con la sicurezza del Dominio Centrale SISS"
"SICEP","SIC-EPSOS","SIC-EPSOS_SIC-EPSOS - Integrazione tra la sicurezza del Dominio Centrale SISS e il mondo EpSos"
"SIDIx","SIDI","SIDI_Schede Disabili"
"SIDSx","SIDS","SIDS_Rete Sudden Infant Death Syndrome"
"SIDxx","SID","SID_SID - Servizi per l Indice dei Documenti"
"SIEBE","SIEBELARCA","SIEBELARCA_Contact Center Arca"
"SIEGx","SIEG","SIEG_Sistema Bilancio di Compensazione SIEG"
"SIGIE","SIGIERP","SIGIERP_Sistema Integrato Gestione degli Interventi ERP"
"SIGIN","SIGINT","SIGINT_Sistema Informativo Gestione Interventi"
"SIGMA","SIGMATER","SIGMATER_Servizi Integrati Catastali Geografici"
"SILIS","SI_LISPA","SI_LISPA_Scheda Incentivi (LISPA)"
"SIMES","SIMES","SIMES_Flussi SIMES"
"SIMIG","SIMIGEO","SIMIGEO_Viewer SIMI"
"SIMIR","SIMIR","SIMIR_Sistema Informativo Marcatore Immobile Regionale"
"SIMIx","SIMI","SIMI_Sistema Migranti"
"SIMPx","SIMP","SIMP_Sistema Informativo delle Malattie Professionali e Infortuni"
"SINAP","SINAPSE","SINAPSE_SINAPSE"
"SINDx","SIND","SIND_Flusso SIND (Dipendenze)"
"SINFA","SINFAR","SINFAR_Sistema Informativo Faunistico Regionale"
"SIOMx","SIOM","SIOM_Sistema Informativo Oli Minerali"
"SIOPx","SIOP","SIOP_Sistema Informativo Personale e Organizzazione"
"SIPAG","SIPAG","SIPAG_Sistema Informativo Pagamenti in Agricoltura"
"SIPxx","SIP","SIP_Impres@"
"SIRAC","SIRAC","SIRAC_SIRAC- Sistema Informativo Risanamento Acustico"
"SIREA","SIREAL","SIREAL_SIREAL_Sistema Informativo Informativo Federato ALER"
"SIREN","SIRENA","SIRENA_Sistema Informativo Regionale Energia Ambiente"
"SIRER","SIRER","SIRER_Sistema Informativo Rateizzazione Entrate Regionali"
"SISAR","SISARL","SISARL_Sistema Informativo Sanità Animale Regione Lombardia"
"SISBx","SISB","SISB_S.I. Sconto Benzina / Metano-GPL"
"SISEF","SISEF","SISEF_Sistema Informativo Società, Enti e Fondazioni Regionali"
"SISMA","SISMAMN","SISMAMN_Sisma Mantova"
"SISMI","SISMIC","SISMIC_SISMICA"
"SISPE","SISPE","SISPE_Sistema Informativo Socio Penitenziaro"
"SISPx","SISP","SISP_SISP Sistema Integrato Servizi Portale"
"SISST","SISSTALK","SISSTALK_SISS TALK"
"SISSU","SISS_UPDATE","SISS_UPDATE_Software per la Gestione degli aggiornamenti software del client PDL Operatore CRS-SISS"
"SITAB","SITAB","SITAB_Sistema Informativo Taglio Boschi"
"SITIC","SITICONV","SITICONV_Siti Convoca Agea"
"SITRE","SITREM","SITREM_SITREM - Sistema Informativo Territorio Rurale e Montano - Dati generali"
"SITSE","SITSERV","SITSERV_SIRBeC sito servizio - Sistema Informativo Regionale Beni Culturali: servizi per Enti"
"SITTx","SITT","SITT_Sistema Informativo Trasporto Transfrontaliero di Rifiuti"
"SIVIC","SIVIC","SIVIC_SIstema Valutazione d InCidenza Ambientale"
"SIVxx","SIV","SIV_Sistema Informativo Veterinario"
"SKIGE","SKI_GEO","SKI_GEO_Skipass Lombardia"
"SMAFx","SMAF","SMAF_SMAF - Sistema Modulare di Accoglienza Flussi"
"SMEFx","SMEF","SMEF_SMEF Servizio Centralizzato di comunicazione con il MEF"
"SMLxx","SML2","SML2_Sistema Museale Lombardo"
"SMPxx","SMP","SMP_Segnalazione Malattie Professionali"
"SMSGA","SMSGATEWAY","SMSGATEWAY_SMS Gateway"
"SMSxx","SMS","SMS_Servizio SMS"
"SMxxx","SM","SM_Sostituzioni MMG e PLS"
"SOFIA","SOFIA","SOFIA_Schede AIDS"
"SPCRA","SP_CRA","SP_CRA_Portale Centrale Regionale Acquisti"
"SPCRS","SP_CRS","SP_CRS_Portale CRS"
"SPDIR","SP_DIRGEN","SP_DIRGEN_Portali Direzioni Generali"
"SPETT","SPETTACOLO","SPETTACOLO_Cabina di Regia dello Spettacolo"
"SPINT","SP_INTRARL","SP_INTRARL_Portale Intranet di Regione Lombardia"
"SPIST","SP_IST","SP_IST_Portale Istituzionale e Aree Tematiche"
"SPLIS","SP_LISPA","SP_LISPA_Portale Internet Lispa"
"SPPRO","SP_PROCOM","SP_PROCOM_Portale Programmazione Comunitaria"
"SPRLx","SPRL","SPRL_Portale Regione Lombardia e derivati (Portali di DG, Portali Tematici e Minisiti)"
"SPSIS","SP_SISS","SP_SISS_Portale SISS"
"SPTRI","SP_TRIB","SP_TRIB_Portale dei Tributi"
"SPVxx","SPV","SPV_Piattaforma di Supervisione Assistenza"
"SPxxx","SP","SP_Architettura applicativa Portale"
"SRIND","SR_IND","SR_IND_Indirizzario SPAZIOREGIONE"
"SRURP","SR_URP","SR_URP_Banca Dati SPAZIOREGIONE"
"SRWEB","SRWEB","SRWEB_Scelta Revoca Web"
"SRxxx","SR","SR_SmartRelay"
"SSCxx","SSC","SSC_Servizi Sanitari Cittadino"
"SSDOx","SSDO","SSDO_Flussi SDO Ricoveri"
"SSOxx","SSO","SSO_SSO SISS"
"STAIR","STAIRSBO","STAIRSBO_Stairs BO"
"STATG","STATGEO","STATGEO_Viewer Statgeo"
"STATL","STATLOMB","STATLOMB_StatLomb"
"STRNE","STRNET","STRNET_StradeNET"
"STRxx","STR","STR_Archivio Stroke"
"STUGE","STUGEO","STUGEO_Studi Geologici"
"SUPER","SUPER","SUPER_Sistema Unico Patrimonio Enti e Regione"
"SYNCx","SYNC","SYNC_Sincronizzazione e Notifiche SISS"
"TBLAY","TB_LAYER","TB_LAYER_Infrastruttura Applicativa Sistema Tributario"
"TEONL","TEONLINE","TEONLINE_Trasporti Eccezionali ONLINE"
"TETxx","TET","TET_Trasparenza e Tracciabilità"
"TIIPx","TIIP","TIIP_Tracciati degli Interventi Infrastrutturali Programmati"
"TIMEL","TIMELINE","TIMELINE_Vista Temporale FSE"
"TLCOx","TLCO","TLCO_Teleconsulto"
"TLIxx","T3LI","T3LI_Portale Lombardia Integrata @LI"
"TMAxx","TMA","TMA_Dwh Monitoraggio Tempi di Attesa Prestazioni Ambulatoriali"
"TOMCA","TOMCATCONF","TOMCATCONF_Componenti comuni per l impiego dell AS Tomcat"
"TPLAG","TPLAGE","TPLAGE_Agevolazioni Trasporto Pubblico Locale"
"TPLGx","TPLG","TPLG_Gestione Trasporto Pubblico Locale"
"TSARx","TSAR","TSAR_Transparent SAR"
"TSAxx","TSA","TSA_Servizio Marcatura Temporale"
"TTxxx","TT","TT_Tavolo geografico interattivo TouchTable"
"TURBI","TUR_BIT","TUR_BIT_Portale Turismo BIT"
"TURIS","TURISMO5","TURISMO5_Gestione Flussi Turistici"
"UDGxx","UDG","UDG_Underground - framework per lo sviluppo facilitato di applicazioni Java esposte in multicanalità (IOC - AOP)"
"UDTxx","UDT","UDT_Rete Udito"
"UMCON","UMCONNECT","UMCONNECT_Connettore UniMoney"
"URCAx","URCA","URCA_Urca_Gestione di indagini prove sezioni e superfici geologiche"
"VACCS","VACCSCR","VACCSCR_Dwh Vaccinazioni Assistiti Lombardi e Screening"
"VACCx","VACC","VACC_Flussi Vaccinazioni"
"VEDIS","VEDISPTTCL","VEDISPTTCL_Sedi e Soggetti di Spettacolo"
"VETEx","VETE","VETE_Anagrafe Zootecnica"
"VIEWE","VIEWERTA","VIEWERTA_Viewer geografico per il pagamento del bollo auto"
"VIEWL","VIEWLIMITI","VIEWLIMITI_Viewer geografico Evoluzione Limiti Amministrativi"
"VIEWN","VIEWNESTOR","VIEWNESTOR_ Viewer Nestor"
"VIEWS","VIEWSIVAS","VIEWSIVAS_Viewer geografico SIVAS"
"VINCO","VINCOL","VINCOL_Viewer geografico per vincoli edilizi"
"VULSI","VULSISM","VULSISM_Vulnerabilità Sismica"
"WASID","WASID","WASID_Web Application Servizi Indice Documenti"
"WEBAG","WEBAGRI","WEBAGRI_Sito Web Ricerca Agriturismi"
"WINLO","WINLOGIN","WINLOGIN_Logon a client Windows con smartcard"
"WSCOD","WSCODF","WSCODF_WsCodFiscale"
"WSITR","WSITRA","WSITRA_Sito DG Infrastrutture e Mobilità"
"YUCCA","YUCCA","YUCCA_Piattaforma IoT sviluppata da CSI Piemonte"
